gps_center,band_psd,n_avg
1256663507.0,1.792337e-46,63
1256663635.0,1.814919e-46,63
1256663763.0,1.813456e-46,63
1256663891.0,1.798863e-46,63
1256664019.0,1.813726e-46,63
1256664147.0,1.799162e-46,63
1256664275.0,1.805533e-46,63
1256664403.0,1.796963e-46,63
1256664531.0,1.827800e-46,63
1256664659.0,1.833512e-46,63
1256664787.0,1.817454e-46,63
1256664915.0,1.795156e-46,63
1256665152.0,1.797752e-46,63
1256665280.0,1.812124e-46,63
1256665408.0,1.816263e-46,63
1256665536.0,1.804417e-46,63
1256665664.0,1.861123e-46,63
1256665792.0,1.929973e-46,63
1256665920.0,1.849448e-46,63
1256666048.0,1.816765e-46,63
1256666176.0,1.827994e-46,63
1256666304.0,1.782673e-46,63
1256666432.0,1.818067e-46,63
1256666560.0,1.866864e-46,63
1256666688.0,1.789761e-46,63
1256666816.0,1.810110e-46,63
1256666944.0,1.801833e-46,63
1256667072.0,1.834383e-46,63
1256667200.0,1.829167e-46,63
1256667328.0,1.822461e-46,63
1256667456.0,1.848197e-46,63
1256667584.0,1.833897e-46,63
1256667712.0,1.833311e-46,63
1256667840.0,1.834258e-46,63
1256667968.0,1.831805e-46,63
1256668096.0,1.856103e-46,63
1256668224.0,1.860652e-46,63
1256668352.0,1.856957e-46,63
1256668480.0,1.841054e-46,63
1256668608.0,1.822220e-46,63
1256668736.0,1.834226e-46,63
1256668864.0,1.859415e-46,63
1256668992.0,1.812562e-46,63
1256669120.0,1.831944e-46,63
1256669248.0,1.829250e-46,63
1256669376.0,1.853250e-46,63
1256669504.0,1.868451e-46,63
1256669632.0,1.885968e-46,63
1256669760.0,1.940067e-46,63
1256669888.0,1.909227e-46,63
1256670016.0,1.890363e-46,63
1256670144.0,1.845062e-46,63
1256670272.0,1.814779e-46,63
1256670400.0,1.842114e-46,63
1256670528.0,1.838744e-46,63
1256670656.0,1.811714e-46,63
1256670784.0,1.812860e-46,63
1256670912.0,1.873398e-46,63
1256671040.0,1.798981e-46,63
1256671168.0,1.831462e-46,63
1256671296.0,1.806099e-46,63
1256671424.0,1.810916e-46,63
1256671552.0,1.884177e-46,63
1256671680.0,1.926112e-46,63
1256671808.0,1.923265e-46,63
1256671936.0,1.949538e-46,63
1256672064.0,2.035755e-46,63
1256672192.0,2.055636e-46,63
1256672320.0,2.124174e-46,63
1256672448.0,2.245506e-46,63
1256672576.0,2.158397e-46,63
1256672704.0,2.081164e-46,63
1256672832.0,2.082600e-46,63
1256672960.0,2.073897e-46,63
1256673088.0,2.071982e-46,63
1256673216.0,2.126227e-46,63
1256673344.0,2.121553e-46,63
1256673472.0,2.086477e-46,63
1256673600.0,2.078913e-46,63
1256673728.0,2.093251e-46,63
1256673856.0,2.094125e-46,63
1256673984.0,2.080642e-46,63
1256674112.0,2.100718e-46,63
1256674240.0,2.087400e-46,63
1256674368.0,2.113223e-46,63
1256674496.0,2.102304e-46,63
1256674624.0,2.146542e-46,63
1256674752.0,2.070321e-46,63
1256674880.0,2.095137e-46,63
1256675008.0,2.116346e-46,63
1256675136.0,2.160720e-46,63
1256675264.0,2.098163e-46,63
1256675392.0,2.135716e-46,63
1256675520.0,2.147791e-46,63
1256675648.0,2.173928e-46,63
1256675776.0,2.151897e-46,63
1256675904.0,2.115791e-46,63
1256676032.0,2.166640e-46,63
1256676160.0,2.110648e-46,63
1256676288.0,2.161510e-46,63
1256676416.0,2.115404e-46,63
1256676544.0,2.149739e-46,63
1256676672.0,2.212187e-46,63
1256676800.0,2.160947e-46,63
1256676928.0,2.144210e-46,63
1256677056.0,2.165269e-46,63
1256677184.0,2.142773e-46,63
1256677312.0,2.191223e-46,63
1256677440.0,2.228733e-46,63
1256677568.0,2.145210e-46,63
1256677696.0,2.189790e-46,63
1256677824.0,2.206695e-46,63
1256677952.0,2.289970e-46,63
1256678080.0,2.442643e-46,63
1256678208.0,2.307850e-46,63
1256678336.0,2.254354e-46,63
1256678464.0,2.196703e-46,63
1256678592.0,2.181628e-46,63
1256678720.0,2.182599e-46,63
1256678848.0,2.218966e-46,63
1256678976.0,2.240426e-46,63
1256679104.0,2.240967e-46,63
1256679232.0,2.236757e-46,63
1256682860.0,2.365866e-46,63
1256682988.0,2.331398e-46,63
1256683116.0,2.394956e-46,63
1256683244.0,2.368421e-46,63
1256683372.0,2.287588e-46,63
1256683500.0,2.230638e-46,63
1256683628.0,2.290835e-46,63
1256683756.0,2.251935e-46,63
1256683884.0,2.268429e-46,63
1256684012.0,2.290757e-46,63
1256684140.0,2.313989e-46,63
1256684268.0,2.304079e-46,63
1256684396.0,2.380950e-46,63
1256684524.0,2.316213e-46,63
1256684652.0,2.425568e-46,63
1256684780.0,2.340719e-46,63
1256684908.0,2.335347e-46,63
1256685036.0,2.341683e-46,63
1256685164.0,2.342298e-46,63
1256685292.0,2.310995e-46,63
1256685420.0,2.313796e-46,63
1256685632.0,2.362916e-46,63
1256685760.0,2.375203e-46,63
1256685888.0,2.371002e-46,63
1256686016.0,2.357307e-46,63
1256686144.0,2.381975e-46,63
1256686272.0,2.376393e-46,63
1256686400.0,2.412600e-46,63
1256686528.0,2.270444e-46,63
1256686656.0,2.246651e-46,63
1256688850.0,2.072003e-46,63
1256688978.0,1.982324e-46,63
1256689106.0,1.947553e-46,63
1256689234.0,2.080457e-46,63
1256689362.0,1.831633e-46,63
1256689490.0,1.816204e-46,63
1256689728.0,1.870886e-46,63
1256689856.0,2.062775e-46,63
1256689984.0,2.053563e-46,63
1256690112.0,2.043256e-46,63
1256690240.0,2.053453e-46,63
1256690368.0,2.048628e-46,63
1256690496.0,2.084078e-46,63
1256690624.0,2.105767e-46,63
1256690752.0,2.112175e-46,63
1256690880.0,2.083580e-46,63
1256691008.0,2.095667e-46,63
1256691136.0,2.098666e-46,63
1256691264.0,2.079733e-46,63
1256691392.0,2.045689e-46,63
1256691520.0,2.112784e-46,63
1256691648.0,2.105881e-46,63
1256691776.0,1.958798e-46,63
1256691904.0,1.848852e-46,63
1256692032.0,1.831530e-46,63
1256692160.0,1.878462e-46,63
1256692288.0,1.860522e-46,63
1256692416.0,1.872207e-46,63
1256692544.0,1.875757e-46,63
1256692672.0,1.891303e-46,63
1256692800.0,1.894624e-46,63
1256692928.0,1.880871e-46,63
1256693056.0,1.871149e-46,63
1256693184.0,1.895113e-46,63
1256693312.0,1.879680e-46,63
1256693440.0,1.914137e-46,63
1256693568.0,1.899727e-46,63
1256693696.0,1.889458e-46,63
1256693824.0,1.896366e-46,63
1256693952.0,1.915375e-46,63
1256694080.0,1.853907e-46,63
1256694208.0,1.851837e-46,63
1256694336.0,1.872203e-46,63
1256694464.0,1.888571e-46,63
1256694592.0,1.897940e-46,63
1256694720.0,1.897414e-46,63
1256694848.0,1.877008e-46,63
1256694976.0,1.884837e-46,63
1256695104.0,1.871985e-46,63
1256695232.0,1.929146e-46,63
1256695360.0,1.900435e-46,63
1256695488.0,1.895540e-46,63
1256695616.0,1.898840e-46,63
1256695744.0,1.865106e-46,63
1256695872.0,1.874390e-46,63
1256696000.0,1.848044e-46,63
1256696128.0,1.868380e-46,63
1256696256.0,1.836758e-46,63
1256696384.0,1.890385e-46,63
1256696512.0,1.878914e-46,63
1256696640.0,1.891509e-46,63
1256696768.0,1.895303e-46,63
1256696896.0,1.901900e-46,63
1256697024.0,1.876530e-46,63
1256697152.0,1.846486e-46,63
1256697280.0,1.873672e-46,63
1256697408.0,1.895656e-46,63
1256697536.0,1.853027e-46,63
1256697664.0,1.838176e-46,63
1256697792.0,1.858120e-46,63
1256697920.0,1.849739e-46,63
1256698048.0,1.857468e-46,63
1256698176.0,1.900830e-46,63
1256698304.0,1.873296e-46,63
1256698432.0,1.865820e-46,63
1256698560.0,1.902284e-46,63
1256698688.0,1.867857e-46,63
1256698816.0,1.867866e-46,63
1256698944.0,1.855453e-46,63
1256699072.0,1.874898e-46,63
1256699200.0,1.872213e-46,63
1256699328.0,1.860717e-46,63
1256699456.0,1.868987e-46,63
1256699584.0,1.865835e-46,63
1256699712.0,1.874658e-46,63
1256699840.0,1.833886e-46,63
1256699968.0,1.854928e-46,63
1256700096.0,1.838722e-46,63
1256700224.0,1.874879e-46,63
1256700352.0,1.876128e-46,63
1256700480.0,1.926392e-46,63
1256700608.0,1.925219e-46,63
1256700736.0,1.875097e-46,63
1256700864.0,1.858891e-46,63
1256700992.0,1.857171e-46,63
1256701120.0,1.841691e-46,63
1256701248.0,1.836539e-46,63
1256701376.0,1.866036e-46,63
1256701504.0,1.836833e-46,63
1256701632.0,1.869728e-46,63
1256701760.0,1.869243e-46,63
1256701888.0,1.864861e-46,63
1256702016.0,1.879882e-46,63
1256702144.0,1.845219e-46,63
1256702272.0,1.858006e-46,63
1256702400.0,1.847032e-46,63
1256702528.0,1.840514e-46,63
1256702656.0,1.844736e-46,63
1256702784.0,1.846675e-46,63
1256702912.0,1.842327e-46,63
1256703040.0,1.858565e-46,63
1256703168.0,1.840676e-46,63
1256703296.0,1.859431e-46,63
1256703424.0,1.832107e-46,63
1256703552.0,1.837451e-46,63
1256703680.0,1.861412e-46,63
1256703808.0,1.828447e-46,63
1256703936.0,1.832311e-46,63
1256704064.0,1.836007e-46,63
1256704192.0,1.838751e-46,63
1256704320.0,1.834091e-46,63
1256704448.0,1.842737e-46,63
1256704576.0,1.846339e-46,63
1256704704.0,1.860335e-46,63
1256704832.0,1.814691e-46,63
1256704960.0,1.860314e-46,63
1256705088.0,1.852901e-46,63
1256710490.0,1.756769e-46,63
1256710618.0,1.803590e-46,63
1256710746.0,1.818059e-46,63
1256710874.0,1.830566e-46,63
1256711002.0,1.818424e-46,63
1256711130.0,1.773974e-46,63
1256711258.0,1.816957e-46,63
1256711386.0,1.830830e-46,63
1256711514.0,1.814454e-46,63
1256711642.0,1.841617e-46,63
1256711770.0,1.830423e-46,63
1256711898.0,1.877240e-46,63
1256712026.0,1.842988e-46,63
1256712154.0,1.847384e-46,63
1256712282.0,1.820300e-46,63
1256712410.0,1.854311e-46,63
1256712538.0,1.877984e-46,63
1256712666.0,1.821263e-46,63
1256712794.0,1.845372e-46,63
1256712922.0,1.858781e-46,63
1256713050.0,1.886819e-46,63
1256713178.0,1.876431e-46,63
1256713306.0,1.857041e-46,63
1256713434.0,1.937197e-46,63
1256713562.0,1.907536e-46,63
1256713690.0,1.854299e-46,63
1256713818.0,1.882951e-46,63
1256713946.0,1.870969e-46,63
1256714074.0,1.883173e-46,63
1256714304.0,1.785685e-46,63
1256714432.0,1.838389e-46,63
1256714560.0,1.809495e-46,63
1256714688.0,1.842475e-46,63
1256714816.0,1.855067e-46,63
1256714944.0,1.822949e-46,63
1256715072.0,1.834972e-46,63
1256715200.0,1.861508e-46,63
1256715328.0,1.912916e-46,63
1256715456.0,1.916436e-46,63
1256715584.0,1.918121e-46,63
1256715712.0,1.904723e-46,63
1256715840.0,1.890113e-46,63
1256715968.0,1.873162e-46,63
1256716096.0,1.852663e-46,63
1256716224.0,1.849461e-46,63
1256716352.0,1.838441e-46,63
1256716480.0,1.855334e-46,63
1256716608.0,1.847430e-46,63
1256716736.0,1.849233e-46,63
1256716864.0,1.876441e-46,63
1256716992.0,1.875621e-46,63
1256717120.0,1.814542e-46,63
1256717248.0,1.862323e-46,63
1256717376.0,1.827574e-46,63
1256717504.0,1.855986e-46,63
1256717632.0,1.880607e-46,63
1256717760.0,1.906222e-46,63
1256717888.0,1.890532e-46,63
1256718016.0,1.884060e-46,63
1256718144.0,1.898452e-46,63
1256718272.0,1.973275e-46,63
1256718400.0,1.862767e-46,63
1256718528.0,1.895650e-46,63
1256718656.0,1.871265e-46,63
1256718784.0,1.895856e-46,63
1256718912.0,1.852169e-46,63
1256719040.0,1.902692e-46,63
1256719168.0,1.870082e-46,63
1256719296.0,1.862544e-46,63
1256719424.0,1.866864e-46,63
1256719552.0,1.857690e-46,63
1256719680.0,1.838942e-46,63
1256719808.0,1.868342e-46,63
1256719936.0,1.872277e-46,63
1256720064.0,1.877459e-46,63
1256720192.0,1.858943e-46,63
1256720320.0,1.849897e-46,63
1256720448.0,1.841731e-46,63
1256720576.0,1.838169e-46,63
1256720704.0,1.888004e-46,63
1256720832.0,1.882421e-46,63
1256720960.0,1.833760e-46,63
1256721088.0,1.844220e-46,63
1256721216.0,1.869466e-46,63
1256721344.0,1.852660e-46,63
1256721472.0,1.846270e-46,63
1256721600.0,1.855206e-46,63
1256721728.0,1.874871e-46,63
1256721856.0,1.898939e-46,63
1256721984.0,1.850648e-46,63
1256722112.0,1.892772e-46,63
1256722240.0,1.892378e-46,63
1256722368.0,1.861946e-46,63
1256722496.0,1.869259e-46,63
1256722624.0,1.883289e-46,63
1256722752.0,1.868663e-46,63
1256722880.0,1.864134e-46,63
1256723008.0,1.891744e-46,63
1256723136.0,1.891366e-46,63
1256723264.0,1.882610e-46,63
1256723392.0,1.873418e-46,63
1256723520.0,1.851779e-46,63
1256723648.0,1.885053e-46,63
1256723776.0,1.828282e-46,63
1256723904.0,1.903790e-46,63
1256724032.0,1.929285e-46,63
1256724160.0,1.914578e-46,63
1256724288.0,1.884320e-46,63
1256724416.0,1.923931e-46,63
1256724544.0,1.920226e-46,63
1256724672.0,1.977780e-46,63
1256724800.0,1.890897e-46,63
1256724928.0,1.851978e-46,63
1256725056.0,1.897942e-46,63
1256725184.0,1.890753e-46,63
1256725312.0,1.898155e-46,63
1256725440.0,1.905085e-46,63
1256725568.0,1.901694e-46,63
1256725696.0,1.924179e-46,63
1256725824.0,1.877090e-46,63
1256725952.0,1.895785e-46,63
1256726080.0,1.905328e-46,63
1256726208.0,1.905784e-46,63
1256726336.0,1.839320e-46,63
1256726464.0,1.884425e-46,63
1256726592.0,1.887856e-46,63
1256726720.0,1.938000e-46,63
1256726848.0,2.001919e-46,63
1256726976.0,1.937631e-46,63
1256727104.0,1.949801e-46,63
1256727232.0,1.960149e-46,63
1256727360.0,1.890666e-46,63
1256727488.0,1.904814e-46,63
1256727616.0,1.917208e-46,63
1256727744.0,1.887214e-46,63
1256727872.0,1.868493e-46,63
1256728000.0,1.928387e-46,63
1256728128.0,1.924589e-46,63
1256728256.0,1.895203e-46,63
1256728384.0,1.871730e-46,63
1256728512.0,1.929488e-46,63
1256728640.0,1.924431e-46,63
1256728768.0,1.927444e-46,63
1256728896.0,1.944538e-46,63
1256729024.0,1.880151e-46,63
1256729152.0,1.877406e-46,63
1256729280.0,1.897303e-46,63
1256729408.0,1.901291e-46,63
1256729536.0,1.886401e-46,63
1256729664.0,1.942056e-46,63
1256729792.0,1.930062e-46,63
1256729920.0,1.901348e-46,63
1256730048.0,1.889816e-46,63
1256730176.0,1.932501e-46,63
1256730304.0,1.932323e-46,63
1256730432.0,1.873144e-46,63
1256730560.0,1.884611e-46,63
1256730688.0,1.915751e-46,63
1256730816.0,1.898576e-46,63
1256730944.0,1.877404e-46,63
1256731072.0,1.907412e-46,63
1256731200.0,1.893621e-46,63
1256731328.0,1.909167e-46,63
1256731456.0,1.921130e-46,63
1256731584.0,1.873365e-46,63
1256731712.0,1.880654e-46,63
1256731840.0,1.866974e-46,63
1256731968.0,1.901851e-46,63
1256732096.0,1.852970e-46,63
1256732224.0,1.894236e-46,63
1256732352.0,1.895333e-46,63
1256732480.0,1.875243e-46,63
1256732608.0,1.911375e-46,63
1256732736.0,1.903595e-46,63
1256732864.0,1.865251e-46,63
1256732992.0,1.876781e-46,63
1256733120.0,1.909496e-46,63
1256733248.0,1.910653e-46,63
1256733376.0,1.921168e-46,63
1256733504.0,1.919369e-46,63
1256733632.0,1.922676e-46,63
1256733760.0,1.889347e-46,63
1256733888.0,1.912205e-46,63
1256734016.0,1.937036e-46,63
1256734144.0,1.876440e-46,63
1256734272.0,1.866129e-46,63
1256734400.0,1.893860e-46,63
1256734528.0,1.909422e-46,63
1256734656.0,1.869372e-46,63
1256734784.0,1.888376e-46,63
1256734912.0,1.861457e-46,63
1256735040.0,1.939350e-46,63
1256735168.0,1.875527e-46,63
1256735296.0,1.877180e-46,63
1256735424.0,1.877500e-46,63
1256735552.0,1.862918e-46,63
1256735680.0,1.898216e-46,63
1256735808.0,1.888356e-46,63
1256735936.0,1.875027e-46,63
1256736064.0,1.906790e-46,63
1256736192.0,1.929668e-46,63
1256736320.0,1.910833e-46,63
1256736448.0,1.929699e-46,63
1256736576.0,1.957261e-46,63
1256736704.0,1.922734e-46,63
1256736832.0,1.884869e-46,63
1256736960.0,1.941725e-46,63
1256737088.0,1.939088e-46,63
1256737216.0,1.965866e-46,63
1256737344.0,1.946638e-46,63
1256737472.0,2.427816e-46,63
1256737600.0,2.347057e-46,63
1256737728.0,2.407995e-46,63
1256737856.0,2.386229e-46,63
1256737984.0,2.324990e-46,63
1256738112.0,2.305758e-46,63
1256738240.0,2.388611e-46,63
1256738368.0,2.383985e-46,63
1256738496.0,2.356703e-46,63
1256738624.0,2.341891e-46,63
1256738752.0,2.344692e-46,63
1256738880.0,2.366111e-46,63
1256739008.0,2.424528e-46,63
1256739136.0,2.403130e-46,63
1256739264.0,2.327381e-46,63
1256739392.0,2.350643e-46,63
1256739520.0,2.362152e-46,63
1256739648.0,2.377240e-46,63
1256739776.0,2.345177e-46,63
1256739904.0,2.309101e-46,63
1256740032.0,2.362429e-46,63
1256740160.0,2.478233e-46,63
1256740288.0,2.493371e-46,63
1256740416.0,2.401415e-46,63
1256740544.0,2.416617e-46,63
1256740672.0,2.320699e-46,63
1256740800.0,2.346258e-46,63
1256740928.0,2.358647e-46,63
1256741056.0,2.324914e-46,63
1256741184.0,2.309040e-46,63
1256741312.0,2.415567e-46,63
1256741440.0,2.353282e-46,63
1256741568.0,2.281327e-46,63
1256741696.0,2.405289e-46,63
1256741824.0,2.359415e-46,63
1256741952.0,2.359555e-46,63
1256742080.0,2.306416e-46,63
1256742208.0,2.323151e-46,63
1256742336.0,2.481138e-46,63
1256742464.0,2.475584e-46,63
1256742592.0,2.498195e-46,63
1256742720.0,2.393909e-46,63
1256742848.0,2.340138e-46,63
1256742976.0,2.351518e-46,63
1256743104.0,2.490410e-46,63
1256743232.0,2.552131e-46,63
1256743360.0,2.409953e-46,63
1256743488.0,2.347068e-46,63
1256743616.0,2.452697e-46,63
1256743744.0,2.399556e-46,63
1256743872.0,2.395104e-46,63
1256744000.0,2.385161e-46,63
1256744128.0,2.351677e-46,63
1256744256.0,2.409527e-46,63
1256744384.0,2.376865e-46,63
1256744512.0,2.346505e-46,63
1256744640.0,2.393762e-46,63
1256744768.0,2.350251e-46,63
1256744896.0,2.364655e-46,63
1256745024.0,2.345130e-46,63
1256745152.0,2.416116e-46,63
1256745280.0,2.351740e-46,63
1256745408.0,2.415620e-46,63
1256745536.0,2.412040e-46,63
1256745664.0,2.405530e-46,63
1256745792.0,2.398186e-46,63
1256745920.0,2.433914e-46,63
1256746048.0,2.373146e-46,63
1256746176.0,2.433900e-46,63
1256746304.0,2.469188e-46,63
1256746432.0,2.450208e-46,63
1256746560.0,2.446005e-46,63
1256746688.0,2.472942e-46,63
1256747072.0,2.469679e-46,63
1256747200.0,2.453331e-46,63
1256747328.0,2.505356e-46,63
1256747456.0,2.414462e-46,63
1256747584.0,2.429814e-46,63
1256747712.0,2.447967e-46,63
1256747840.0,2.414923e-46,63
1256747968.0,2.408037e-46,63
1256748096.0,2.441592e-46,63
1256748224.0,2.422734e-46,63
1256748352.0,2.466553e-46,63
1256748480.0,2.485827e-46,63
1256748608.0,2.490519e-46,63
1256748736.0,2.455575e-46,63
1256748864.0,2.506371e-46,63
1256748992.0,2.537109e-46,63
1256749120.0,2.485877e-46,63
1256749248.0,2.405707e-46,63
1256749376.0,2.469756e-46,63
1256749504.0,2.462021e-46,63
1256749632.0,2.539785e-46,63
1256749760.0,2.512942e-46,63
1256749888.0,2.427809e-46,63
1256750016.0,2.457274e-46,63
1256750144.0,2.527347e-46,63
1256750272.0,2.489996e-46,63
1256750400.0,2.458406e-46,63
1256750528.0,2.443359e-46,63
1256751401.0,2.394610e-46,63
1256751529.0,2.432926e-46,63
1256751657.0,2.394961e-46,63
1256751785.0,2.436637e-46,63
1256751913.0,2.389048e-46,63
1256752041.0,2.388251e-46,63
1256752169.0,2.339003e-46,63
1256752297.0,2.352163e-46,63
1256752425.0,2.418953e-46,63
1256752553.0,2.454600e-46,63
1256752681.0,2.461498e-46,63
1256752809.0,2.246289e-46,63
1256752937.0,1.935835e-46,63
1256753065.0,1.991977e-46,63
1256753193.0,1.964485e-46,63
1256753321.0,1.955793e-46,63
1256753449.0,1.975412e-46,63
1256753577.0,1.967653e-46,63
1256753705.0,1.931443e-46,63
1256753833.0,1.912152e-46,63
1256753961.0,1.960658e-46,63
1256754089.0,2.390985e-46,63
1256754217.0,2.254432e-46,63
1256754345.0,1.939766e-46,63
1256754473.0,1.925226e-46,63
1256754601.0,1.930286e-46,63
1256754729.0,2.005419e-46,63
1256754857.0,2.280147e-46,63
1256754985.0,2.024812e-46,63
1256755113.0,1.977604e-46,63
1256755264.0,1.943723e-46,63
1256755392.0,1.943889e-46,63
1256755520.0,2.006472e-46,63
1256755648.0,2.033518e-46,63
1256755776.0,2.007526e-46,63
1256755904.0,2.017021e-46,63
1256756032.0,1.992072e-46,63
1256756160.0,1.991173e-46,63
1256756288.0,1.930557e-46,63
1256756416.0,1.919405e-46,63
1256756544.0,1.984631e-46,63
1256756672.0,2.037410e-46,63
1256756800.0,2.012664e-46,63
1256756928.0,1.994408e-46,63
1256757056.0,2.174956e-46,63
1256757184.0,1.993916e-46,63
1256757312.0,1.984594e-46,63
1256757440.0,2.006920e-46,63
1256757568.0,1.986701e-46,63
1256757696.0,2.020075e-46,63
1256757824.0,1.999554e-46,63
1256757952.0,1.917590e-46,63
1256758080.0,1.936812e-46,63
1256758208.0,1.992859e-46,63
1256758336.0,2.011538e-46,63
1256758464.0,1.969297e-46,63
1256758592.0,2.040243e-46,63
1256758720.0,2.018366e-46,63
1256758848.0,1.966543e-46,63
1256758976.0,1.931949e-46,63
1256759104.0,1.951556e-46,63
1256759232.0,1.952903e-46,63
1256759360.0,1.921327e-46,63
1256759488.0,1.903467e-46,63
1256759616.0,1.933808e-46,63
1256759744.0,1.942852e-46,63
1256759872.0,1.938209e-46,63
1256760000.0,1.913099e-46,63
1256760128.0,1.936669e-46,63
1256760256.0,1.937626e-46,63
1256760384.0,1.917858e-46,63
1256760512.0,1.963242e-46,63
1256760640.0,1.945152e-46,63
1256760768.0,1.959110e-46,63
1256760896.0,1.970148e-46,63
1256761024.0,1.967860e-46,63
1256761152.0,1.943834e-46,63
1256761280.0,1.929361e-46,63
1256761408.0,1.940929e-46,63
1256761536.0,1.994072e-46,63
1256761664.0,1.986161e-46,63
1256761792.0,1.914184e-46,63
1256761920.0,1.914403e-46,63
1256762048.0,1.919590e-46,63
1256762176.0,1.928771e-46,63
1256762304.0,1.902848e-46,63
1256762432.0,1.914452e-46,63
1256762560.0,1.891040e-46,63
1256762688.0,1.917276e-46,63
1256762816.0,1.915028e-46,63
1256762944.0,1.959358e-46,63
1256763072.0,1.937771e-46,63
1256763200.0,2.065998e-46,63
1256763328.0,1.945310e-46,63
1256763456.0,1.984138e-46,63
1256763584.0,1.984786e-46,63
1256763712.0,1.976655e-46,63
1256763840.0,2.020919e-46,63
1256763968.0,2.018456e-46,63
1256764096.0,1.955789e-46,63
1256764224.0,1.898343e-46,63
1256764352.0,1.902230e-46,63
1256764480.0,1.926025e-46,63
1256764608.0,1.892516e-46,63
1256764736.0,1.896487e-46,63
1256764864.0,1.925514e-46,63
1256764992.0,1.883600e-46,63
1256765120.0,1.938200e-46,63
1256765248.0,1.910144e-46,63
1256765376.0,1.937912e-46,63
1256765504.0,1.950617e-46,63
1256765632.0,1.943740e-46,63
1256765760.0,1.901148e-46,63
1256765888.0,1.884341e-46,63
1256766016.0,1.958796e-46,63
1256766144.0,1.954225e-46,63
1256766272.0,1.976340e-46,63
1256766400.0,1.968216e-46,63
1256766528.0,1.935545e-46,63
1256766656.0,1.904120e-46,63
1256766784.0,1.887277e-46,63
1256766912.0,1.911251e-46,63
1256767040.0,1.898849e-46,63
1256767168.0,1.947442e-46,63
1256767296.0,1.902430e-46,63
1256767424.0,1.932236e-46,63
1256767552.0,1.912856e-46,63
1256767680.0,2.002488e-46,63
1256767808.0,1.945969e-46,63
1256767936.0,1.963266e-46,63
1256768064.0,1.989734e-46,63
1256768192.0,1.914556e-46,63
1256768320.0,1.899307e-46,63
1256768448.0,1.861971e-46,63
1256768576.0,1.915896e-46,63
1256768704.0,1.926165e-46,63
1256768832.0,1.878057e-46,63
1256768960.0,1.961685e-46,63
1256769088.0,1.919005e-46,63
1256769216.0,1.925500e-46,63
1256769344.0,1.917746e-46,63
1256769472.0,1.936335e-46,63
1256769600.0,1.927082e-46,63
1256769728.0,1.888061e-46,63
1256769856.0,1.904833e-46,63
1256769984.0,1.919940e-46,63
1256770112.0,1.887271e-46,63
1256770240.0,1.875857e-46,63
1256771935.0,1.759553e-46,63
1256772063.0,1.717319e-46,63
1256772191.0,1.738243e-46,63
1256772319.0,1.723101e-46,63
1256772447.0,1.736234e-46,63
1256772575.0,1.729000e-46,63
1256772703.0,1.748178e-46,63
1256772831.0,1.750450e-46,63
1256772959.0,1.747628e-46,63
1256773087.0,1.757311e-46,63
1256773215.0,1.738554e-46,63
1256773343.0,1.725033e-46,63
1256773471.0,1.757678e-46,63
1256773599.0,1.739680e-46,63
1256773727.0,1.756736e-46,63
1256773855.0,1.731090e-46,63
1256773983.0,1.806946e-46,63
1256774111.0,1.723703e-46,63
1256774239.0,1.745379e-46,63
1256774367.0,1.742413e-46,63
1256774495.0,1.779763e-46,63
1256774812.0,1.726456e-46,63
1256774940.0,1.758302e-46,63
1256775068.0,1.796341e-46,63
1256775196.0,1.809571e-46,63
1256775324.0,1.794852e-46,63
1256775452.0,1.817192e-46,63
1256775580.0,1.778186e-46,63
1256775744.0,1.793177e-46,63
1256775872.0,1.749922e-46,63
1256776000.0,1.707861e-46,63
1256776128.0,1.747458e-46,63
1256776256.0,1.766325e-46,63
1256776384.0,1.788000e-46,63
1256776512.0,1.738243e-46,63
1256776640.0,1.765856e-46,63
1256776768.0,1.718625e-46,63
1256776896.0,1.722541e-46,63
1256777024.0,1.753999e-46,63
1256777152.0,1.730979e-46,63
1256777280.0,1.738792e-46,63
1256777408.0,1.749802e-46,63
1256777536.0,1.760603e-46,63
1256777664.0,1.734640e-46,63
1256777792.0,1.731795e-46,63
1256777920.0,1.746438e-46,63
1256778048.0,1.755604e-46,63
1256778176.0,1.706309e-46,63
1256778304.0,1.743738e-46,63
1256778432.0,1.724998e-46,63
1256778560.0,1.741001e-46,63
1256778688.0,1.746371e-46,63
1256778816.0,1.719613e-46,63
1256778944.0,1.714909e-46,63
1256779072.0,1.742536e-46,63
1256779200.0,1.729871e-46,63
1256779328.0,1.749713e-46,63
1256779456.0,1.739236e-46,63
1256779584.0,1.759190e-46,63
1256779712.0,1.738771e-46,63
1256779840.0,1.725503e-46,63
1256779968.0,1.740724e-46,63
1256780096.0,1.750877e-46,63
1256780224.0,1.719166e-46,63
1256780352.0,1.744415e-46,63
1256780480.0,1.696320e-46,63
1256780608.0,1.712920e-46,63
1256780736.0,1.744855e-46,63
1256780864.0,1.755821e-46,63
1256780992.0,1.729558e-46,63
1256781120.0,1.743996e-46,63
1256781248.0,1.762290e-46,63
1256781376.0,1.710194e-46,63
1256781504.0,1.746275e-46,63
1256781632.0,1.755646e-46,63
1256781760.0,1.771350e-46,63
1256781888.0,1.764139e-46,63
1256782016.0,1.763364e-46,63
1256782144.0,1.742819e-46,63
1256782272.0,1.745239e-46,63
1256782400.0,1.739446e-46,63
1256782528.0,1.717292e-46,63
1256782656.0,1.715997e-46,63
1256782784.0,1.751429e-46,63
1256782912.0,1.764200e-46,63
1256783040.0,1.742103e-46,63
1256783168.0,1.728976e-46,63
1256783296.0,1.748566e-46,63
1256783424.0,1.733222e-46,63
1256783552.0,1.723352e-46,63
1256783680.0,1.728980e-46,63
1256783808.0,1.768584e-46,63
1256783936.0,1.750498e-46,63
1256784064.0,1.723589e-46,63
1256784192.0,1.721274e-46,63
1256784320.0,1.726778e-46,63
1256784448.0,1.758060e-46,63
1256784576.0,1.770873e-46,63
1256784704.0,1.749333e-46,63
1256784832.0,1.744195e-46,63
1256784960.0,1.716505e-46,63
1256785088.0,1.750426e-46,63
1256785216.0,1.759263e-46,63
1256785344.0,1.762079e-46,63
1256785472.0,1.786031e-46,63
1256785600.0,1.775733e-46,63
1256785728.0,1.723265e-46,63
1256785856.0,1.755283e-46,63
1256785984.0,1.757349e-46,63
1256786112.0,1.746110e-46,63
1256786240.0,1.765151e-46,63
1256786368.0,1.759051e-46,63
1256786496.0,1.745339e-46,63
1256786624.0,1.745727e-46,63
1256786752.0,1.789416e-46,63
1256786880.0,1.768719e-46,63
1256787008.0,1.756443e-46,63
1256787136.0,1.740749e-46,63
1256787264.0,1.729125e-46,63
1256787392.0,1.756706e-46,63
1256787520.0,1.736926e-46,63
1256787648.0,1.717557e-46,63
1256787776.0,1.755978e-46,63
1256787904.0,1.740896e-46,63
1256788032.0,1.732406e-46,63
1256788160.0,1.740805e-46,63
1256788288.0,1.714409e-46,63
1256788416.0,1.755541e-46,63
1256788544.0,1.761761e-46,63
1256788672.0,1.717211e-46,63
1256788800.0,1.794758e-46,63
1256788928.0,1.756383e-46,63
1256789056.0,1.771950e-46,63
1256789184.0,1.750466e-46,63
1256789312.0,1.757044e-46,63
1256789440.0,1.801946e-46,63
1256789568.0,1.758234e-46,63
1256789696.0,1.800921e-46,63
1256789824.0,1.775658e-46,63
1256789952.0,1.757076e-46,63
1256790080.0,1.759279e-46,63
1256790208.0,1.760083e-46,63
1256790336.0,1.760095e-46,63
1256790464.0,1.813399e-46,63
1256790592.0,1.725621e-46,63
1256790720.0,1.749094e-46,63
1256790848.0,1.788801e-46,63
1256790976.0,1.741970e-46,63
1256791104.0,1.728708e-46,63
1256791232.0,1.778697e-46,63
1256791360.0,1.749243e-46,63
1256791488.0,1.759681e-46,63
1256791616.0,1.741443e-46,63
1256791744.0,1.750948e-46,63
1256791872.0,1.724482e-46,63
1256792000.0,1.763210e-46,63
1256792128.0,1.764445e-46,63
1256792256.0,1.744314e-46,63
1256792384.0,1.736371e-46,63
1256792512.0,1.747284e-46,63
1256792640.0,1.765539e-46,63
1256792768.0,1.792986e-46,63
1256792896.0,1.745091e-46,63
1256793024.0,1.742722e-46,63
1256793152.0,1.763854e-46,63
1256793280.0,1.741917e-46,63
1256793408.0,1.745419e-46,63
1256793536.0,1.766178e-46,63
1256793664.0,1.740438e-46,63
1256793792.0,1.751949e-46,63
1256793920.0,1.804342e-46,63
1256794048.0,1.782289e-46,63
1256794176.0,1.753419e-46,63
1256794304.0,1.791275e-46,63
1256794432.0,1.821738e-46,63
1256794560.0,1.796777e-46,63
1256794688.0,1.782256e-46,63
1256794816.0,1.789608e-46,63
1256794944.0,1.849130e-46,63
1256795072.0,1.763715e-46,63
1256795200.0,1.818099e-46,63
1256795328.0,1.752707e-46,63
1256795456.0,1.802739e-46,63
1256795584.0,1.788426e-46,63
1256795712.0,1.800212e-46,63
1256795840.0,1.785894e-46,63
1256795968.0,1.758786e-46,63
1256796096.0,1.786761e-46,63
1256796224.0,1.771525e-46,63
1256796352.0,1.780561e-46,63
1256796480.0,1.769955e-46,63
1256796608.0,1.812054e-46,63
1256796736.0,1.789731e-46,63
1256796864.0,1.771799e-46,63
1256796992.0,1.774168e-46,63
1256797120.0,1.781500e-46,63
1256797248.0,1.768057e-46,63
1256797376.0,1.777676e-46,63
1256797504.0,1.788235e-46,63
1256797632.0,1.771433e-46,63
1256797760.0,1.811405e-46,63
1256797888.0,1.776950e-46,63
1256798016.0,1.772419e-46,63
1256798144.0,1.769933e-46,63
1256798272.0,1.776952e-46,63
1256798400.0,1.778471e-46,63
1256798528.0,1.856253e-46,63
1256798656.0,1.736230e-46,63
1256798784.0,1.734435e-46,63
1256798912.0,1.732065e-46,63
1256799040.0,1.743662e-46,63
1256799168.0,1.755112e-46,63
1256799296.0,1.772181e-46,63
1256799424.0,1.754996e-46,63
1256799552.0,1.761798e-46,63
1256799680.0,1.790375e-46,63
1256799808.0,1.777164e-46,63
1256799936.0,1.776331e-46,63
1256800064.0,1.758959e-46,63
1256800192.0,1.753975e-46,63
1256808512.0,1.759921e-46,63
1256808640.0,1.761208e-46,63
1256808768.0,1.737710e-46,63
1256808896.0,1.770162e-46,63
1256809024.0,1.754672e-46,63
1256809152.0,1.755393e-46,63
1256809280.0,1.813140e-46,63
1256809408.0,1.807978e-46,63
1256809536.0,1.801172e-46,63
1256809664.0,1.765154e-46,63
1256809792.0,1.750016e-46,63
1256809920.0,1.757539e-46,63
1256810048.0,1.757593e-46,63
1256810176.0,1.771239e-46,63
1256810304.0,1.771937e-46,63
1256810432.0,1.770972e-46,63
1256810560.0,1.774977e-46,63
1256810688.0,1.767102e-46,63
1256810816.0,1.770161e-46,63
1256810944.0,1.753039e-46,63
1256811072.0,1.753775e-46,63
1256811200.0,1.752532e-46,63
1256811328.0,1.758794e-46,63
1256811456.0,1.730367e-46,63
1256811584.0,1.762301e-46,63
1256811712.0,1.760841e-46,63
1256811840.0,1.786121e-46,63
1256811968.0,1.814262e-46,63
1256812096.0,1.778850e-46,63
1256812224.0,1.776363e-46,63
1256812352.0,1.795007e-46,63
1256812480.0,1.812688e-46,63
1256816704.0,1.811345e-46,63
1256816832.0,1.790854e-46,63
1256816960.0,1.762486e-46,63
1256817088.0,1.747236e-46,63
1256817216.0,1.772977e-46,63
1256817344.0,1.788562e-46,63
1256817472.0,1.735430e-46,63
1256817600.0,1.748248e-46,63
1256817728.0,1.797465e-46,63
1256817856.0,1.819822e-46,63
1256817984.0,1.793421e-46,63
1256818112.0,1.752823e-46,63
1256818240.0,1.805985e-46,63
1256818368.0,1.819987e-46,63
1256818496.0,1.798387e-46,63
1256818624.0,1.800954e-46,63
1256818752.0,1.797752e-46,63
1256818880.0,1.795342e-46,63
1256819008.0,1.779873e-46,63
1256819136.0,1.795267e-46,63
1256819264.0,1.781861e-46,63
1256819392.0,1.764456e-46,63
1256819520.0,1.744465e-46,63
1256819648.0,1.782441e-46,63
1256819776.0,1.799458e-46,63
1256819904.0,1.739430e-46,63
1256820032.0,1.782053e-46,63
1256820160.0,1.821783e-46,63
1256820288.0,1.771790e-46,63
1256820416.0,1.779697e-46,63
1256820544.0,1.764490e-46,63
1256820672.0,1.772681e-46,63
1256840314.0,2.236168e-46,63
1256840442.0,2.190724e-46,63
1256840570.0,2.183363e-46,63
1256840698.0,2.133875e-46,63
1256840826.0,2.143927e-46,63
1256840954.0,2.185282e-46,63
1256841082.0,2.127991e-46,63
1256849472.0,2.287484e-46,63
1256849600.0,2.266268e-46,63
1256849728.0,2.289018e-46,63
1256849856.0,2.317011e-46,63
1256849984.0,2.220549e-46,63
1256850112.0,2.257134e-46,63
1256850240.0,2.217154e-46,63
1256850368.0,2.193101e-46,63
1256850496.0,2.202331e-46,63
1256850624.0,2.202873e-46,63
1256850752.0,2.091450e-46,63
1256850880.0,2.019667e-46,63
1256851008.0,2.114108e-46,63
1256851136.0,2.105982e-46,63
1256851264.0,2.165717e-46,63
1256851392.0,2.139744e-46,63
1256851520.0,2.043373e-46,63
1256851648.0,2.036172e-46,63
1256851776.0,2.118038e-46,63
1256851904.0,2.134604e-46,63
1256852032.0,2.060199e-46,63
1256852160.0,1.978087e-46,63
1256852288.0,1.998261e-46,63
1256852416.0,2.032385e-46,63
1256852544.0,2.116735e-46,63
1256852672.0,2.108402e-46,63
1256852800.0,2.034292e-46,63
1256852928.0,1.984516e-46,63
1256853056.0,1.977964e-46,63
1256853184.0,1.968436e-46,63
1256853312.0,1.942717e-46,63
1256853440.0,1.954528e-46,63
1256853568.0,1.963424e-46,63
1256853696.0,1.923371e-46,63
1256853824.0,1.938664e-46,63
1256853952.0,1.948726e-46,63
1256854080.0,1.971116e-46,63
1256854208.0,1.962403e-46,63
1256854336.0,2.043210e-46,63
1256854464.0,2.034364e-46,63
1256854592.0,2.051955e-46,63
1256854720.0,1.950331e-46,63
1256854848.0,1.933280e-46,63
1256854976.0,1.972050e-46,63
1256855104.0,2.049253e-46,63
1256855232.0,2.001573e-46,63
1256855360.0,1.946435e-46,63
1256855488.0,1.951289e-46,63
1256855616.0,1.932390e-46,63
1256855744.0,2.039223e-46,63
1256855872.0,2.075406e-46,63
1256856000.0,1.963591e-46,63
1256856128.0,1.923702e-46,63
1256856256.0,1.937984e-46,63
1256856384.0,1.946377e-46,63
1256856512.0,1.953005e-46,63
1256856640.0,1.933005e-46,63
1256856768.0,1.949352e-46,63
1256856896.0,1.942411e-46,63
1256857024.0,1.972180e-46,63
1256857152.0,1.917702e-46,63
1256857280.0,2.009170e-46,63
1256857408.0,2.012274e-46,63
1256857536.0,2.064540e-46,63
1256857664.0,2.132399e-46,63
1256857792.0,1.998432e-46,63
1256857920.0,2.050563e-46,63
1256858048.0,2.081891e-46,63
1256858176.0,2.078760e-46,63
1256858304.0,2.048933e-46,63
1256858432.0,2.054966e-46,63
1256858560.0,2.112070e-46,63
1256858688.0,2.068148e-46,63
1256858816.0,2.100819e-46,63
1256858944.0,2.113204e-46,63
1256859072.0,2.072882e-46,63
1256859200.0,2.067858e-46,63
1256859328.0,2.116801e-46,63
1256859456.0,2.110825e-46,63
1256859584.0,2.074749e-46,63
1256859712.0,2.002443e-46,63
1256859840.0,1.741624e-46,63
1256859968.0,1.789550e-46,63
1256860096.0,1.730557e-46,63
1256860224.0,1.714506e-46,63
1256860352.0,1.716617e-46,63
1256860480.0,1.732218e-46,63
1256860608.0,1.734909e-46,63
1256860736.0,1.747562e-46,63
1256860864.0,1.726463e-46,63
1256860992.0,1.737567e-46,63
1256861120.0,1.757321e-46,63
1256861248.0,1.762107e-46,63
1256861376.0,1.733735e-46,63
1256861504.0,1.734734e-46,63
1256861632.0,1.746409e-46,63
1256861760.0,1.801640e-46,63
1256861888.0,1.802500e-46,63
1256862016.0,1.731287e-46,63
1256862144.0,1.741842e-46,63
1256862272.0,1.738132e-46,63
1256862400.0,1.731996e-46,63
1256862528.0,1.768655e-46,63
1256862656.0,1.757548e-46,63
1256862784.0,1.741522e-46,63
1256862912.0,1.748121e-46,63
1256863040.0,1.794296e-46,63
1256863168.0,1.783002e-46,63
1256863296.0,1.760897e-46,63
1256863424.0,1.794708e-46,63
1256863552.0,1.841353e-46,63
1256863680.0,1.910319e-46,63
1256863808.0,1.768560e-46,63
1256863936.0,1.762247e-46,63
1256864064.0,1.763999e-46,63
1256864192.0,1.804055e-46,63
1256864320.0,1.751768e-46,63
1256864448.0,1.715109e-46,63
1256864576.0,1.758710e-46,63
1256864704.0,1.755496e-46,63
1256864832.0,1.716809e-46,63
1256864960.0,1.756015e-46,63
1256865088.0,1.817021e-46,63
1256865216.0,1.784195e-46,63
1256865344.0,1.779130e-46,63
1256865472.0,1.782124e-46,63
1256865600.0,1.709780e-46,63
1256865728.0,1.782713e-46,63
1256865856.0,1.726478e-46,63
1256865984.0,1.738730e-46,63
1256866112.0,1.742743e-46,63
1256866240.0,1.751702e-46,63
1256866368.0,1.760472e-46,63
1256866496.0,1.755320e-46,63
1256866624.0,1.716622e-46,63
1256866752.0,1.730475e-46,63
1256866880.0,1.718770e-46,63
1256867008.0,1.772727e-46,63
1256867136.0,1.756859e-46,63
1256867264.0,1.758062e-46,63
1256867392.0,1.745380e-46,63
1256867520.0,1.744220e-46,63
1256867648.0,1.743182e-46,63
1256867776.0,1.729171e-46,63
1256867904.0,1.779899e-46,63
1256868032.0,1.759708e-46,63
1256868160.0,1.766057e-46,63
1256868288.0,1.730686e-46,63
1256868416.0,1.752299e-46,63
1256868544.0,1.778847e-46,63
1256868672.0,1.737059e-46,63
1256868800.0,1.841970e-46,63
1256868928.0,1.735011e-46,63
1256869056.0,1.746378e-46,63
1256869184.0,1.741307e-46,63
1256869312.0,1.785435e-46,63
1256869440.0,1.759762e-46,63
1256869568.0,1.753568e-46,63
1256869696.0,1.725637e-46,63
1256869824.0,1.738298e-46,63
1256869952.0,1.721002e-46,63
1256870080.0,1.766347e-46,63
1256870208.0,1.734045e-46,63
1256870336.0,1.755172e-46,63
1256870464.0,1.734985e-46,63
1256870592.0,1.745559e-46,63
1256870720.0,1.759948e-46,63
1256870848.0,1.809548e-46,63
1256870976.0,1.778924e-46,63
1256871104.0,1.740407e-46,63
1256871232.0,1.735565e-46,63
1256871360.0,1.768685e-46,63
1256871488.0,1.759972e-46,63
1256871616.0,1.761829e-46,63
1256871744.0,1.735045e-46,63
1256871872.0,1.781329e-46,63
1256872000.0,1.738046e-46,63
1256872128.0,1.766997e-46,63
1256872256.0,1.857454e-46,63
1256872384.0,1.768246e-46,63
1256872512.0,1.760675e-46,63
1256872640.0,1.779909e-46,63
1256872768.0,1.749680e-46,63
1256872896.0,1.741704e-46,63
1256873024.0,1.786689e-46,63
1256873152.0,1.772182e-46,63
1256873280.0,1.733037e-46,63
1256873408.0,1.748605e-46,63
1256873536.0,1.765587e-46,63
1256873664.0,1.744474e-46,63
1256873792.0,1.758879e-46,63
1256873920.0,1.763218e-46,63
1256874048.0,1.767674e-46,63
1256874176.0,1.795138e-46,63
1256874304.0,1.775066e-46,63
1256874432.0,1.776250e-46,63
1256874560.0,1.820568e-46,63
1256874688.0,1.791698e-46,63
1256874816.0,1.811256e-46,63
1256874944.0,1.786073e-46,63
1256875072.0,1.789779e-46,63
1256875200.0,1.827585e-46,63
1256875328.0,1.804579e-46,63
1256875456.0,1.794690e-46,63
1256875584.0,1.790059e-46,63
1256875712.0,1.768121e-46,63
1256875840.0,1.830728e-46,63
1256875968.0,1.770804e-46,63
1256876096.0,1.746741e-46,63
1256876224.0,1.753934e-46,63
1256876352.0,1.772736e-46,63
1256876480.0,1.754861e-46,63
1256876608.0,1.761097e-46,63
1256876736.0,1.758208e-46,63
1256876864.0,1.814285e-46,63
1256876992.0,1.776967e-46,63
1256877120.0,1.790064e-46,63
1256877248.0,1.795542e-46,63
1256877376.0,1.776670e-46,63
1256877504.0,1.787224e-46,63
1256877632.0,1.837726e-46,63
1256877760.0,1.790780e-46,63
1256877888.0,1.780412e-46,63
1256878016.0,1.812883e-46,63
1256878144.0,1.798186e-46,63
1256878272.0,1.784132e-46,63
1256878400.0,1.762510e-46,63
1256878528.0,1.739517e-46,63
1256878656.0,1.764666e-46,63
1256878784.0,1.816915e-46,63
1256878912.0,1.804439e-46,63
1256879040.0,1.804234e-46,63
1256879168.0,1.759091e-46,63
1256879296.0,1.785797e-46,63
1256879424.0,1.779908e-46,63
1256879552.0,1.746365e-46,63
1256879680.0,1.777342e-46,63
1256879808.0,1.756397e-46,63
1256879936.0,1.760826e-46,63
1256880064.0,1.775187e-46,63
1256880192.0,1.791967e-46,63
1256880320.0,1.799855e-46,63
1256880448.0,1.856973e-46,63
1256880576.0,1.993169e-46,63
1256880704.0,1.827501e-46,63
1256880832.0,1.826974e-46,63
1256880960.0,1.802266e-46,63
1256881088.0,1.808830e-46,63
1256881216.0,1.759871e-46,63
1256881344.0,1.783966e-46,63
1256881472.0,1.784701e-46,63
1256881600.0,1.808362e-46,63
1256881728.0,1.793527e-46,63
1256881856.0,1.776984e-46,63
1256881984.0,1.782129e-46,63
1256882112.0,1.905913e-46,63
1256882240.0,1.800223e-46,63
1256882368.0,1.785386e-46,63
1256882496.0,1.731719e-46,63
1256882624.0,1.805520e-46,63
1256882752.0,1.839691e-46,63
1256882880.0,1.791065e-46,63
1256883008.0,1.764772e-46,63
1256883136.0,1.771791e-46,63
1256883264.0,1.794485e-46,63
1256883392.0,1.776192e-46,63
1256883520.0,1.792314e-46,63
1256883648.0,1.778288e-46,63
1256883776.0,1.765043e-46,63
1256883904.0,1.795535e-46,63
1256884032.0,1.793314e-46,63
1256884160.0,1.799415e-46,63
1256884288.0,1.777490e-46,63
1256884416.0,1.805211e-46,63
1256884544.0,1.776705e-46,63
1256884672.0,1.820779e-46,63
1256884800.0,1.757811e-46,63
1256884928.0,1.799895e-46,63
1256885056.0,1.786191e-46,63
1256885184.0,1.796450e-46,63
1256885312.0,1.805915e-46,63
1256885440.0,1.879301e-46,63
1256885568.0,1.754763e-46,63
1256885696.0,1.760617e-46,63
1256885824.0,1.790138e-46,63
1256885952.0,1.774293e-46,63
1256886080.0,1.821958e-46,63
1256886208.0,1.935650e-46,63
1256886340.0,1.768697e-46,63
1256886468.0,1.786015e-46,63
1256886596.0,1.763873e-46,63
1256886724.0,1.779445e-46,63
1256886852.0,1.749727e-46,63
1256886980.0,1.839183e-46,63
1256887108.0,1.783454e-46,63
1256887236.0,1.782317e-46,63
1256887364.0,1.759995e-46,63
1256887492.0,1.804830e-46,63
1256887620.0,1.803839e-46,63
1256887748.0,1.786582e-46,63
1256887876.0,1.792220e-46,63
1256888004.0,1.808573e-46,63
1256888132.0,1.776515e-46,63
1256888260.0,1.762688e-46,63
1256888388.0,1.751468e-46,63
1256888516.0,1.768756e-46,63
1256888644.0,1.762233e-46,63
1256888772.0,1.808280e-46,63
1256888900.0,1.845618e-46,63
1256889028.0,1.769534e-46,63
1256889156.0,1.771022e-46,63
1256889284.0,1.754180e-46,63
1256889412.0,1.818646e-46,63
1256889540.0,1.755586e-46,63
1256889668.0,1.779897e-46,63
1256889796.0,1.777207e-46,63
1256889924.0,1.822147e-46,63
1256890052.0,1.782613e-46,63
1256890180.0,1.845406e-46,63
1256890432.0,1.787812e-46,63
1256890560.0,1.802017e-46,63
1256890688.0,1.778558e-46,63
1256890816.0,1.796795e-46,63
1256890944.0,1.794861e-46,63
1256891072.0,1.797552e-46,63
1256891200.0,1.814405e-46,63
1256891328.0,1.794414e-46,63
1256891456.0,1.809405e-46,63
1256891584.0,1.784381e-46,63
1256891712.0,1.813741e-46,63
1256891840.0,1.816002e-46,63
1256891968.0,1.784586e-46,63
1256892096.0,1.785203e-46,63
1256892224.0,1.810771e-46,63
1256892352.0,1.779936e-46,63
1256892480.0,1.833319e-46,63
1256892608.0,1.794896e-46,63
1256892736.0,1.794908e-46,63
1256892864.0,1.804036e-46,63
1256892992.0,1.790354e-46,63
1256893120.0,1.775944e-46,63
1256893248.0,1.772080e-46,63
1256893376.0,1.778761e-46,63
1256893504.0,1.792968e-46,63
1256893632.0,1.814072e-46,63
1256893760.0,1.769005e-46,63
1256893888.0,1.753847e-46,63
1256894016.0,1.759813e-46,63
1256894144.0,1.791540e-46,63
1256894272.0,1.774033e-46,63
1256894400.0,1.784197e-46,63
1256894528.0,1.743915e-46,63
1256894656.0,1.792882e-46,63
1256894784.0,1.781142e-46,63
1256894912.0,1.781283e-46,63
1256895040.0,1.749248e-46,63
1256895168.0,1.770580e-46,63
1256895296.0,1.763795e-46,63
1256895424.0,1.751656e-46,63
1256895552.0,1.756375e-46,63
1256895680.0,1.795210e-46,63
1256895808.0,1.788104e-46,63
1256895936.0,1.796281e-46,63
1256896064.0,1.761337e-46,63
1256896192.0,1.771854e-46,63
1256896320.0,1.774382e-46,63
1256896448.0,1.777957e-46,63
1256896576.0,1.753836e-46,63
1256896704.0,1.819877e-46,63
1256896832.0,1.803886e-46,63
1256896960.0,1.771389e-46,63
1256897088.0,1.800951e-46,63
1256897216.0,1.798157e-46,63
1256897344.0,1.824929e-46,63
1256897472.0,1.792705e-46,63
1256897600.0,1.773922e-46,63
1256897728.0,1.798776e-46,63
1256897856.0,1.808647e-46,63
1256897984.0,1.803390e-46,63
1256898112.0,1.836428e-46,63
1256898240.0,1.859961e-46,63
1256898368.0,1.802415e-46,63
1256898496.0,1.751704e-46,63
1256898624.0,1.809000e-46,63
1256898752.0,1.806867e-46,63
1256898880.0,1.830925e-46,63
1256899008.0,1.825566e-46,63
1256899136.0,1.797071e-46,63
1256899264.0,1.797411e-46,63
1256899392.0,1.821638e-46,63
1256899520.0,1.828618e-46,63
1256899648.0,1.769652e-46,63
1256899776.0,1.796949e-46,63
1256899904.0,1.766556e-46,63
1256900032.0,1.796075e-46,63
1256900160.0,1.789676e-46,63
1256900288.0,1.816380e-46,63
1256900416.0,1.796417e-46,63
1256900544.0,1.778363e-46,63
1256900672.0,1.888695e-46,63
1256900800.0,1.823711e-46,63
1256900928.0,1.784599e-46,63
1256901056.0,1.834710e-46,63
1256901184.0,1.823295e-46,63
1256901312.0,1.809017e-46,63
1256901440.0,1.831310e-46,63
1256901568.0,1.829824e-46,63
1256901696.0,1.800588e-46,63
1256901824.0,1.812246e-46,63
1256901952.0,1.792637e-46,63
1256902080.0,1.790713e-46,63
1256902208.0,1.812561e-46,63
1256902336.0,1.825239e-46,63
1256902464.0,1.820507e-46,63
1256902592.0,1.823433e-46,63
1256902814.0,1.792751e-46,63
1256902942.0,1.814091e-46,63
1256903070.0,1.825931e-46,63
1256903198.0,1.828664e-46,63
1256903326.0,1.838099e-46,63
1256903454.0,1.800605e-46,63
1256903582.0,1.806609e-46,63
1256903710.0,1.777986e-46,63
1256903838.0,1.805301e-46,63
1256903966.0,1.788234e-46,63
1256904094.0,1.802996e-46,63
1256904222.0,1.845017e-46,63
1256904350.0,1.774015e-46,63
1256904478.0,1.837355e-46,63
1256904606.0,1.813467e-46,63
1256904734.0,1.796028e-46,63
1256904862.0,1.789260e-46,63
1256904990.0,1.795488e-46,63
1256905118.0,1.846255e-46,63
1256905246.0,1.759175e-46,63
1256905374.0,1.769130e-46,63
1256905502.0,1.787503e-46,63
1256905630.0,1.830752e-46,63
1256905758.0,1.786830e-46,63
1256905886.0,1.798250e-46,63
1256906014.0,1.817570e-46,63
1256906142.0,1.789884e-46,63
1256906270.0,1.792399e-46,63
1256906398.0,1.783578e-46,63
1256906526.0,1.776037e-46,63
1256906654.0,1.753317e-46,63
1256906816.0,1.802732e-46,63
1256906944.0,1.810392e-46,63
1256907072.0,1.770931e-46,63
1256907200.0,1.770480e-46,63
1256907328.0,1.787487e-46,63
1256907456.0,1.800562e-46,63
1256907584.0,1.819889e-46,63
1256907712.0,1.784064e-46,63
1256907840.0,1.824520e-46,63
1256907968.0,1.840034e-46,63
1256908096.0,1.770632e-46,63
1256908224.0,1.819176e-46,63
1256908352.0,1.772673e-46,63
1256908480.0,1.790418e-46,63
1256908608.0,1.830763e-46,63
1256908736.0,1.789958e-46,63
1256908864.0,1.828801e-46,63
1256908992.0,1.810026e-46,63
1256909120.0,1.764108e-46,63
1256909248.0,1.794467e-46,63
1256909376.0,1.813435e-46,63
1256909504.0,1.793428e-46,63
1256909632.0,1.788738e-46,63
1256909760.0,1.778497e-46,63
1256909888.0,1.775347e-46,63
1256910016.0,1.774613e-46,63
1256910144.0,1.789664e-46,63
1256910272.0,1.756705e-46,63
1256910400.0,1.748158e-46,63
1256910528.0,1.766779e-46,63
1256910656.0,1.758115e-46,63
1256910784.0,1.785082e-46,63
1256910912.0,1.772797e-46,63
1256911040.0,1.763801e-46,63
1256911168.0,1.751209e-46,63
1256911296.0,1.750948e-46,63
1256911424.0,1.808833e-46,63
1256911552.0,1.793623e-46,63
1256911680.0,1.821644e-46,63
1256911808.0,1.780970e-46,63
1256911936.0,1.753767e-46,63
1256912064.0,1.777899e-46,63
1256912192.0,1.765490e-46,63
1256912320.0,1.770585e-46,63
1256912448.0,1.781914e-46,63
1256912576.0,1.814818e-46,63
1256912704.0,1.818358e-46,63
1256912832.0,1.773780e-46,63
1256912960.0,1.779675e-46,63
1256913088.0,1.786624e-46,63
1256913216.0,1.813627e-46,63
1256913344.0,1.818699e-46,63
1256913472.0,2.054235e-46,63
1256913600.0,2.227247e-46,63
1256913728.0,2.164449e-46,63
1256913856.0,2.203461e-46,63
1256913984.0,2.225550e-46,63
1256914112.0,2.200060e-46,63
1256914240.0,2.247553e-46,63
1256914368.0,2.185879e-46,63
1256914496.0,2.214785e-46,63
1256914624.0,2.230162e-46,63
1256914752.0,2.240525e-46,63
1256914880.0,2.193837e-46,63
1256915008.0,2.201141e-46,63
1256915136.0,2.207741e-46,63
1256915264.0,2.185366e-46,63
1256915392.0,2.196651e-46,63
1256915520.0,2.231198e-46,63
1256915648.0,2.211561e-46,63
1256915776.0,2.217763e-46,63
1256915904.0,2.244088e-46,63
1256916032.0,2.258992e-46,63
1256916160.0,2.228525e-46,63
1256916288.0,2.187486e-46,63
1256916416.0,2.176642e-46,63
1256916544.0,2.190318e-46,63
1256916672.0,2.192636e-46,63
1256916800.0,2.235031e-46,63
1256916928.0,2.191839e-46,63
1256917056.0,2.211919e-46,63
1256917184.0,2.211121e-46,63
1256917312.0,2.297659e-46,63
1256917440.0,2.226556e-46,63
1256917568.0,2.219581e-46,63
1256917696.0,2.196132e-46,63
1256917824.0,2.177783e-46,63
1256917952.0,2.200793e-46,63
1256918080.0,2.192598e-46,63
1256918208.0,2.184694e-46,63
1256918336.0,2.194734e-46,63
1256918464.0,2.226525e-46,63
1256918592.0,2.176049e-46,63
1256918720.0,2.198436e-46,63
1256918848.0,2.187682e-46,63
1256918976.0,2.224858e-46,63
1256919104.0,2.214195e-46,63
1256919232.0,2.189332e-46,63
1256919360.0,2.139095e-46,63
1256919488.0,2.182092e-46,63
1256919616.0,2.177287e-46,63
1256919744.0,2.185641e-46,63
1256919872.0,2.179151e-46,63
1256920000.0,2.142607e-46,63
1256920128.0,2.239733e-46,63
1256920256.0,2.212753e-46,63
1256920384.0,2.188693e-46,63
1256920512.0,2.178788e-46,63
1256920640.0,2.156313e-46,63
1256920768.0,2.191110e-46,63
1256920896.0,2.171094e-46,63
1256921024.0,2.170387e-46,63
1256921152.0,2.171282e-46,63
1256921280.0,2.169920e-46,63
1256921408.0,2.164055e-46,63
1256921536.0,2.167393e-46,63
1256921664.0,2.155851e-46,63
1256921792.0,2.172125e-46,63
1256921920.0,2.182298e-46,63
1256922048.0,2.166607e-46,63
1256922176.0,2.182782e-46,63
1256922304.0,2.203406e-46,63
1256922432.0,2.200375e-46,63
1256922560.0,2.160915e-46,63
1256922688.0,2.174973e-46,63
1256922816.0,2.157038e-46,63
1256922944.0,2.144762e-46,63
1256923072.0,2.100796e-46,63
1256923200.0,2.133956e-46,63
1256923328.0,2.130997e-46,63
1256923456.0,2.167371e-46,63
1256923584.0,2.179542e-46,63
1256923712.0,2.297352e-46,63
1256923840.0,2.230280e-46,63
1256923968.0,2.228062e-46,63
1256924096.0,2.215777e-46,63
1256924224.0,2.080271e-46,63
1256924352.0,2.548061e-46,63
1256924480.0,2.206714e-46,63
1256924608.0,1.970800e-46,63
1256924736.0,1.938133e-46,63
1256924864.0,2.037975e-46,63
1256924992.0,2.194891e-46,63
1256925120.0,2.120302e-46,63
1256925248.0,2.465969e-46,63
1256925376.0,2.360988e-46,63
1256925504.0,2.074134e-46,63
1256925632.0,2.121399e-46,63
1256925760.0,2.134798e-46,63
1256925888.0,2.377729e-46,63
1256926016.0,2.160118e-46,63
1256926144.0,2.065649e-46,63
1256926272.0,2.114502e-46,63
1256926400.0,2.149651e-46,63
1256926528.0,2.155822e-46,63
1256926656.0,2.102968e-46,63
1256927089.0,2.031819e-46,63
1256927296.0,2.080029e-46,63
1256927424.0,2.062074e-46,63
1256927552.0,2.040468e-46,63
1256927680.0,2.045365e-46,63
1256927808.0,1.997233e-46,63
1256927936.0,2.034442e-46,63
1256928064.0,2.026228e-46,63
1256928192.0,2.021067e-46,63
1256928320.0,2.023051e-46,63
1256928448.0,2.071463e-46,63
1256928576.0,2.033760e-46,63
1256928704.0,2.022279e-46,63
1256928832.0,2.011481e-46,63
1256928960.0,2.038820e-46,63
1256929088.0,2.081498e-46,63
1256929216.0,2.080554e-46,63
1256929344.0,2.028177e-46,63
1256929472.0,1.983728e-46,63
1256929600.0,2.017957e-46,63
1256929728.0,1.957378e-46,63
1256929856.0,1.966604e-46,63
1256929984.0,1.945773e-46,63
1256930112.0,1.983988e-46,63
1256930240.0,1.933477e-46,63
1256930368.0,1.955290e-46,63
1256930496.0,1.938956e-46,63
1256930624.0,1.954838e-46,63
1256930752.0,1.932500e-46,63
1256930880.0,1.918824e-46,63
1256931008.0,1.941462e-46,63
1256931136.0,1.964626e-46,63
1256931264.0,1.934441e-46,63
1256935488.0,1.928280e-46,63
1256935616.0,1.963251e-46,63
1256935744.0,1.928531e-46,63
1256935872.0,1.921787e-46,63
1256936000.0,1.942931e-46,63
1256936128.0,1.961820e-46,63
1256936256.0,1.943760e-46,63
1256936384.0,1.954600e-46,63
1256936512.0,1.951134e-46,63
1256936640.0,1.971091e-46,63
1256936768.0,1.954338e-46,63
1256936896.0,1.938038e-46,63
1256937024.0,1.989317e-46,63
1256937152.0,1.968430e-46,63
1256937280.0,1.987582e-46,63
1256937408.0,2.011335e-46,63
1256937536.0,1.964947e-46,63
1256937664.0,2.004912e-46,63
1256937792.0,1.965779e-46,63
1256937920.0,1.979804e-46,63
1256938048.0,1.996745e-46,63
1256938176.0,1.982911e-46,63
1256938304.0,2.013335e-46,63
1256938432.0,1.995424e-46,63
1256938560.0,2.003858e-46,63
1256938688.0,2.012237e-46,63
1256938816.0,1.981933e-46,63
1256938944.0,2.004123e-46,63
1256939072.0,2.016483e-46,63
1256939200.0,1.993994e-46,63
1256939328.0,2.056994e-46,63
1256954111.0,2.115040e-46,63
1256954239.0,1.932034e-46,63
1256954367.0,1.781350e-46,63
1256954495.0,1.780214e-46,63
1256954623.0,1.814600e-46,63
1256954751.0,1.799869e-46,63
1256954879.0,1.779110e-46,63
1256955007.0,1.803437e-46,63
1256955135.0,1.790516e-46,63
1256955263.0,1.773070e-46,63
1256955391.0,1.766908e-46,63
1256955519.0,1.786454e-46,63
1256955647.0,1.782486e-46,63
1256955775.0,1.775818e-46,63
1256955968.0,1.741991e-46,63
1256956096.0,1.824699e-46,63
1256956224.0,1.729379e-46,63
1256956352.0,1.831029e-46,63
1256956480.0,1.745879e-46,63
1256956608.0,1.768347e-46,63
1256956736.0,1.720504e-46,63
1256956864.0,1.741930e-46,63
1256956992.0,1.718956e-46,63
1256957120.0,1.715960e-46,63
1256957248.0,1.720892e-46,63
1256957376.0,1.715862e-46,63
1256957504.0,1.727993e-46,63
1256957632.0,1.761285e-46,63
1256957760.0,1.730189e-46,63
1256957888.0,1.723218e-46,63
1256958016.0,1.735400e-46,63
1256958144.0,1.749142e-46,63
1256958272.0,1.753154e-46,63
1256958400.0,1.747360e-46,63
1256958528.0,1.685117e-46,63
1256958656.0,1.730267e-46,63
1256958784.0,1.732420e-46,63
1256958912.0,1.733748e-46,63
1256959040.0,1.737855e-46,63
1256959168.0,1.727998e-46,63
1256959296.0,1.724443e-46,63
1256959424.0,1.748959e-46,63
1256959552.0,1.715541e-46,63
1256959680.0,1.728854e-46,63
1256959808.0,1.752044e-46,63
1256959936.0,1.734544e-46,63
1256960064.0,1.735439e-46,63
1256960192.0,1.717741e-46,63
1256960320.0,1.732191e-46,63
1256960448.0,1.734104e-46,63
1256960576.0,1.798667e-46,63
1256960704.0,1.743657e-46,63
1256960832.0,1.748552e-46,63
1256960960.0,1.786181e-46,63
1256961088.0,1.741011e-46,63
1256961216.0,1.759298e-46,63
1256961344.0,1.695336e-46,63
1256961472.0,1.705855e-46,63
1256961600.0,1.713150e-46,63
1256961728.0,1.755812e-46,63
1256961856.0,1.745205e-46,63
1256961984.0,1.752268e-46,63
1256962112.0,1.733342e-46,63
1256962240.0,1.738405e-46,63
1256962368.0,1.735464e-46,63
1256962496.0,1.741940e-46,63
1256962624.0,1.741903e-46,63
1256962752.0,1.715334e-46,63
1256962880.0,1.703249e-46,63
1256963008.0,1.741708e-46,63
1256963136.0,1.784131e-46,63
1256963264.0,1.741291e-46,63
1256963392.0,1.707378e-46,63
1256963520.0,1.724865e-46,63
1256963648.0,1.733193e-46,63
1256963776.0,1.748582e-46,63
1256963904.0,1.731816e-46,63
1256964032.0,1.751678e-46,63
1256964160.0,1.731379e-46,63
1256964288.0,1.726595e-46,63
1256964416.0,1.731820e-46,63
1256964544.0,1.769792e-46,63
1256964672.0,1.755641e-46,63
1256964800.0,1.701708e-46,63
1256964928.0,1.724015e-46,63
1256965056.0,1.717705e-46,63
1256965184.0,1.729481e-46,63
1256965312.0,1.728508e-46,63
1256965440.0,1.730492e-46,63
1256965568.0,1.812701e-46,63
1256965696.0,1.719749e-46,63
1256965824.0,1.749311e-46,63
1256965952.0,1.797419e-46,63
1256966080.0,1.753260e-46,63
1256966208.0,1.770554e-46,63
1256966336.0,1.760227e-46,63
1256966464.0,1.766406e-46,63
1256966592.0,1.733133e-46,63
1256966720.0,1.750402e-46,63
1256966848.0,1.728142e-46,63
1256966976.0,1.747887e-46,63
1256967104.0,1.770019e-46,63
1256967232.0,1.749827e-46,63
1256967360.0,1.733012e-46,63
1256967488.0,1.746481e-46,63
1256967616.0,1.752649e-46,63
1256967744.0,1.765660e-46,63
1256967872.0,1.741375e-46,63
1256968000.0,1.743173e-46,63
1256968128.0,1.743968e-46,63
1256968256.0,1.766383e-46,63
1256968384.0,1.742822e-46,63
1256968512.0,1.773474e-46,63
1256968640.0,1.783871e-46,63
1256968768.0,1.741923e-46,63
1256968896.0,1.781891e-46,63
1256969024.0,1.979905e-46,63
1256969152.0,2.015778e-46,63
1256969280.0,2.008670e-46,63
1256969408.0,2.052540e-46,63
1256969536.0,2.083818e-46,63
1256969664.0,2.009672e-46,63
1256969792.0,2.017340e-46,63
1256969920.0,2.007542e-46,63
1256970048.0,2.053161e-46,63
1256970176.0,2.065689e-46,63
1256970304.0,2.089471e-46,63
1256970432.0,2.100688e-46,63
1256970797.0,2.158471e-46,63
1256970925.0,2.136422e-46,63
1256971053.0,2.082207e-46,63
1256971181.0,2.056537e-46,63
1256971309.0,2.133447e-46,63
1256971437.0,2.071057e-46,63
1256971565.0,2.079930e-46,63
1256971693.0,1.978264e-46,63
1256971821.0,1.925137e-46,63
1256971949.0,1.929608e-46,63
1256972077.0,1.876768e-46,63
1256972205.0,1.953292e-46,63
1256972352.0,1.979433e-46,63
1256972480.0,1.969020e-46,63
1256972608.0,1.948685e-46,63
1256972736.0,1.990312e-46,63
1256972864.0,1.994078e-46,63
1256972992.0,1.977825e-46,63
1256973120.0,2.016484e-46,63
1256973248.0,2.039967e-46,63
1256973376.0,1.984200e-46,63
1256973504.0,2.038820e-46,63
1256973632.0,2.027177e-46,63
1256973760.0,2.045482e-46,63
1256973888.0,1.986158e-46,63
1256974016.0,2.044993e-46,63
1256974144.0,2.057862e-46,63
1256974272.0,2.065891e-46,63
1256974400.0,2.036652e-46,63
1256974528.0,2.012701e-46,63
1256974656.0,2.006182e-46,63
1256974784.0,2.031789e-46,63
1256974912.0,2.024697e-46,63
1256975040.0,2.007540e-46,63
1256975168.0,2.076499e-46,63
1256975296.0,2.039348e-46,63
1256975424.0,2.017339e-46,63
1256975552.0,2.033410e-46,63
1256975680.0,2.000340e-46,63
1256975808.0,2.011435e-46,63
1256975936.0,2.039235e-46,63
1256976064.0,2.036909e-46,63
1256976192.0,2.040267e-46,63
1256976320.0,2.017648e-46,63
1256976448.0,2.028707e-46,63
1256976576.0,1.996244e-46,63
1256976704.0,2.032375e-46,63
1256976832.0,2.026335e-46,63
1256976960.0,2.023803e-46,63
1256977088.0,2.030148e-46,63
1256977448.0,2.104872e-46,63
1256977576.0,2.102989e-46,63
1256977704.0,2.062667e-46,63
1256977832.0,2.027682e-46,63
1256977960.0,1.983061e-46,63
1256978088.0,1.991977e-46,63
1256978216.0,2.060479e-46,63
1256978344.0,1.995478e-46,63
1256978472.0,1.984738e-46,63
1256978600.0,1.980666e-46,63
1256978728.0,1.977687e-46,63
1256978856.0,1.996291e-46,63
1256978984.0,1.969161e-46,63
1256979112.0,1.947272e-46,63
1256979240.0,1.989562e-46,63
1256979368.0,2.015029e-46,63
1256979496.0,2.040318e-46,63
1256979624.0,1.992105e-46,63
1256979752.0,2.020875e-46,63
1256979880.0,2.047930e-46,63
1256980008.0,2.081926e-46,63
1256980136.0,2.084066e-46,63
1256980264.0,2.020075e-46,63
1256980392.0,2.176920e-46,63
1256980544.0,2.233384e-46,63
1256980672.0,2.234665e-46,63
1256980800.0,2.198269e-46,63
1256980928.0,2.119280e-46,63
1256981056.0,2.237371e-46,63
1256981184.0,2.161454e-46,63
1256981312.0,2.214956e-46,63
1256981440.0,2.227249e-46,63
1256981568.0,2.182949e-46,63
1256981696.0,2.188748e-46,63
1256981824.0,2.178006e-46,63
1256981952.0,2.110682e-46,63
1256982080.0,2.154628e-46,63
1256982208.0,2.114301e-46,63
1256982336.0,2.146593e-46,63
1256982464.0,2.127075e-46,63
1256982592.0,2.066294e-46,63
1256982720.0,2.080998e-46,63
1256982848.0,2.063892e-46,63
1256982976.0,2.072376e-46,63
1256983104.0,2.090115e-46,63
1256983232.0,2.111609e-46,63
1256983360.0,2.102666e-46,63
1256983488.0,2.113154e-46,63
1256983616.0,2.090129e-46,63
1256983744.0,2.142716e-46,63
1256983872.0,2.108822e-46,63
1256984000.0,2.100253e-46,63
1256984128.0,2.114043e-46,63
1256984256.0,2.172626e-46,63
1256984384.0,2.125907e-46,63
1256984512.0,2.105541e-46,63
1256984640.0,2.110028e-46,63
1256984768.0,2.156707e-46,63
1256984896.0,2.091811e-46,63
1256985024.0,2.140713e-46,63
1256985152.0,2.152889e-46,63
1256985280.0,2.060807e-46,63
1256985408.0,2.100712e-46,63
1256985536.0,2.046714e-46,63
1256985664.0,2.105666e-46,63
1256985792.0,2.056338e-46,63
1256985920.0,2.085398e-46,63
1256986048.0,2.044710e-46,63
1256986176.0,2.053001e-46,63
1256986304.0,2.068878e-46,63
1256986432.0,2.060703e-46,63
1256986560.0,2.064447e-46,63
1256986688.0,2.042233e-46,63
1256986816.0,2.054574e-46,63
1256986944.0,2.032365e-46,63
1256987072.0,2.044866e-46,63
1256987200.0,1.993796e-46,63
1256987328.0,1.971996e-46,63
1256987456.0,1.971422e-46,63
1256987584.0,1.938323e-46,63
1256987712.0,1.987096e-46,63
1256987840.0,1.938740e-46,63
1256987968.0,2.004649e-46,63
1256988096.0,1.968518e-46,63
1256988224.0,1.982873e-46,63
1256988352.0,1.998368e-46,63
1256988480.0,2.010178e-46,63
1256988608.0,1.977271e-46,63
1256988736.0,2.010558e-46,63
1256988864.0,1.974452e-46,63
1256988992.0,2.028148e-46,63
1256989120.0,1.968796e-46,63
1256989248.0,1.991645e-46,63
1256989376.0,1.959134e-46,63
1256989504.0,1.978703e-46,63
1256989632.0,2.004074e-46,63
1256989760.0,1.971439e-46,63
1256989888.0,2.060727e-46,63
1256990016.0,1.970032e-46,63
1256990144.0,1.975068e-46,63
1256990272.0,1.975307e-46,63
1256990400.0,1.978091e-46,63
1256990528.0,2.002964e-46,63
1256990656.0,1.991008e-46,63
1256990784.0,2.014057e-46,63
1256990912.0,2.036314e-46,63
1256991040.0,1.954620e-46,63
1256991168.0,1.981729e-46,63
1256991296.0,2.004635e-46,63
1256991424.0,1.984716e-46,63
1256991552.0,1.985921e-46,63
1256991680.0,1.974599e-46,63
1256991808.0,1.974538e-46,63
1256991936.0,1.957736e-46,63
1256992064.0,1.983198e-46,63
1256992192.0,1.933809e-46,63
1256992320.0,1.823283e-46,63
1256992448.0,1.761091e-46,63
1256992576.0,1.786079e-46,63
1256992704.0,1.776914e-46,63
1256992832.0,1.814614e-46,63
1256992960.0,1.797559e-46,63
1256993088.0,1.776699e-46,63
1256993216.0,1.803153e-46,63
1256993344.0,1.779740e-46,63
1256993472.0,1.801193e-46,63
1256993600.0,1.802575e-46,63
1256993728.0,1.762025e-46,63
1256993856.0,1.772996e-46,63
1256993984.0,1.791958e-46,63
1256994112.0,1.779049e-46,63
1256994240.0,1.784742e-46,63
1256994368.0,1.767612e-46,63
1256994496.0,1.801651e-46,63
1256994624.0,1.797387e-46,63
1256994752.0,1.790695e-46,63
1256994880.0,1.754133e-46,63
1256995008.0,1.804230e-46,63
1256995136.0,1.775255e-46,63
1256995264.0,1.780198e-46,63
1256995392.0,1.842489e-46,63
1256995520.0,1.788682e-46,63
1256995648.0,1.802699e-46,63
1256995776.0,1.778870e-46,63
1256995904.0,1.784149e-46,63
1256996032.0,1.810207e-46,63
1256996160.0,1.783349e-46,63
1256996288.0,1.782660e-46,63
1256996416.0,1.743415e-46,63
1256996544.0,1.729471e-46,63
1256996672.0,1.803687e-46,63
1256996800.0,1.789766e-46,63
1256996928.0,1.790210e-46,63
1256997056.0,1.758441e-46,63
1256997184.0,1.780530e-46,63
1256997312.0,1.779480e-46,63
1256997440.0,1.763843e-46,63
1256997568.0,1.785229e-46,63
1256997696.0,1.755015e-46,63
1256997824.0,1.770568e-46,63
1256997952.0,1.764993e-46,63
1256998080.0,1.757714e-46,63
1256998208.0,1.789829e-46,63
1256998336.0,1.776743e-46,63
1256998464.0,1.777437e-46,63
1256998592.0,1.775724e-46,63
1256998720.0,1.789467e-46,63
1256998848.0,1.754361e-46,63
1256998976.0,1.799717e-46,63
1256999104.0,1.830534e-46,63
1256999232.0,1.790057e-46,63
1256999360.0,1.752231e-46,63
1256999488.0,1.775805e-46,63
1256999616.0,1.759363e-46,63
1256999744.0,1.769889e-46,63
1256999872.0,1.776147e-46,63
1257000000.0,1.779228e-46,63
1257000128.0,1.791647e-46,63
1257000256.0,1.786828e-46,63
1257000384.0,1.808300e-46,63
1257000512.0,1.784720e-46,63
1257000640.0,1.787022e-46,63
1257000768.0,1.765876e-46,63
1257000896.0,1.786719e-46,63
1257001024.0,1.764792e-46,63
1257001152.0,1.795739e-46,63
